Price,Open,High,Low
71.49600000000001,71.675,71.685,71.47800000000001
71.689,71.705,71.76,71.609
71.792,71.756,71.876,71.66199999999999
71.75,71.79,71.905,71.717
71.74600000000001,71.833,71.916,71.643
71.83,71.92,72.015,71.605
71.945,71.665,71.945,71.565
71.65,71.8,71.878,71.594
71.96600000000001,72.082,72.252,71.857
72.15,71.76,72.15,71.657
71.79,71.582,71.79,71.544
71.57,71.37,71.61,71.29
71.36,71.28,71.36399999999999,71.165
71.047,71.018,71.118,70.88600000000001
71.01,70.76899999999999,71.036,70.76899999999999
70.775,70.804,70.855,70.625
70.789,70.55199999999999,70.80199999999999,70.55199999999999
70.76,70.972,70.99,70.76
70.98,70.762,71.065,70.72399999999999
70.953,70.87100000000001,71.02600000000001,70.84
70.89,70.75,70.92,70.69
70.745,70.822,70.842,70.684
70.82,71.045,71.07300000000001,70.782
70.965,70.715,71.085,70.715
70.725,71.005,71.033,70.725
70.809,70.91199999999999,71.007,70.809
70.925,71.075,71.075,70.778
71.09,71.2,71.32,71.04
71.13,71.362,71.475,71.096
71.36399999999999,71.562,71.733,71.348
71.5,71.248,71.605,71.22
71.237,70.89399999999999,71.249,70.74
70.92399999999999,70.816,71.09100000000001,70.79899999999999
70.99,70.96,71.165,70.96
71.12,71.18,71.23,70.945
71.22,70.99600000000001,71.233,70.933
70.975,70.959,71.10600000000001,70.913
70.825,70.81,71.04,70.765
71.03,71.21,71.37,70.865
71.15,71.117,71.368,71.1
71.11,70.655,71.17,70.655
70.645,70.425,70.885,70.358
70.509,70.95100000000001,70.98,70.36399999999999
70.964,71.035,71.036,70.837
70.988,70.976,71.154,70.947
70.971,70.796,71.066,70.736
70.79899999999999,71.023,71.053,70.779
71.075,71.205,71.205,70.685
71.375,71.345,71.385,71.05
71.145,71.515,71.53,71.145
71.49,71.827,71.99,71.366
71.58,71.69,71.69,71.41
70.985,70.972,71.16,70.847
70.967,71.58800000000001,71.58800000000001,70.917
71.577,71.877,71.89699999999999,71.514
71.875,71.755,72.002,71.73899999999999
71.778,71.72800000000001,71.78699999999999,71.50399999999999
71.645,71.887,71.928,71.605
71.928,71.986,72.01100000000001,71.797
71.98899999999999,72.2,72.315,71.944
72.17,71.96,72.41199999999999,71.96
71.969,71.467,72.003,71.467
71.453,71.77199999999999,71.817,71.357
71.69,71.913,72.1,71.624
71.829,71.564,71.904,71.492
71.543,72.03,72.03,71.383
72.025,71.92,72.26,71.863
71.513,71.96,72.061,71.513
71.93,71.6,72.00399999999999,71.6
71.439,71.562,71.623,71.35300000000001
71.54899999999999,71.523,71.827,71.523
71.45100000000001,71.21300000000001,71.5,71.063
71.155,71.365,71.492,71.045
71.81,71.507,71.829,71.309
71.275,70.995,71.365,70.845
71.418,71.132,71.493,71.032
71.283,71.014,71.367,70.993
70.92399999999999,70.443,70.92399999999999,70.443
70.42,71.17,71.17,70.42
71.145,70.965,71.195,70.604
71.04,70.81,71.04,70.47
70.821,70.117,70.839,70.117
69.7,69.23,69.7,69.21
69.017,69.267,69.267,69.002
68.875,68.85300000000001,68.96,68.76100000000001
68.862,68.766,68.903,68.663
68.755,68.9,68.965,68.705
68.88,69.15100000000001,69.15100000000001,68.816
69.041,68.992,69.078,68.885
68.98,69.02,69.109,68.921
69.033,68.944,69.059,68.903
68.93,68.955,69.07,68.88
68.86,68.81,68.955,68.722
68.855,68.773,69.005,68.718
68.846,68.688,68.904,68.64
68.65,68.54,68.77,68.521
68.545,68.535,68.615,68.477
68.56,68.46,68.695,68.433
68.41,68.414,68.495,68.28
68.419,68.62,68.695,68.318
68.565,68.665,68.858,68.513
68.566,68.582,68.767,68.497
68.45,68.539,68.785,68.385
68.527,68.817,68.914,68.48899999999999
68.8,68.885,68.96300000000001,68.795
68.89,68.92399999999999,69.075,68.87
68.885,68.944,69.09,68.83
68.95,69.048,69.125,68.866
69.08800000000001,69.21,69.35300000000001,69.03
69.245,69.32,69.518,69.11
69.334,69.266,69.439,69.238
69.273,69.62899999999999,69.63,69.264
69.615,69.755,69.76,69.50399999999999
69.52,69.49,69.675,69.334
69.65,69.55,69.808,69.5
69.61,69.868,69.891,69.609
69.85,69.81,69.982,69.74
69.833,69.566,69.865,69.53
69.53,69.37899999999999,69.58,69.314
69.375,69.414,69.455,69.257
69.385,69.53399999999999,69.53399999999999,69.342
69.535,69.375,69.685,69.375
69.355,69.146,69.551,69.11399999999999
69.165,69.405,69.46,69.165
69.385,69.334,69.423,69.178
69.291,69.068,69.343,69.033
69.171,69.618,69.622,69.128
69.58,69.839,69.92699999999999,69.58
69.825,69.835,69.935,69.703
69.845,69.587,70.003,69.579
69.61,69.516,69.755,69.516
69.50399999999999,69.41199999999999,69.633,69.362
69.38,69.699,69.811,69.377
69.665,69.666,70.065,69.375
69.65,69.668,69.811,69.61399999999999
69.645,69.817,69.825,69.62
69.609,69.405,69.778,69.373
70.28,70.22,70.288,70.067
70.13,70.219,70.342,69.96600000000001
70.249,70.322,70.442,70.17399999999999
70.332,70.596,70.616,70.252
70.57,70.015,70.65100000000001,69.984
70.015,70.09100000000001,70.11399999999999,69.756
70.2,69.719,70.27600000000001,69.719
69.72,69.596,69.751,69.44800000000001
69.645,69.421,69.646,69.285
69.38,69.31,69.485,69.31
69.095,69.436,69.441,69.095
69.41,69.62,69.634,69.32
69.545,69.601,69.60300000000001,69.46600000000001
69.64699999999999,69.831,69.913,69.536
69.817,69.87899999999999,69.895,69.797
69.85,70.173,70.247,69.81
70.17,70.01,70.335,69.92
69.96,69.779,70.0,69.762
69.77,69.63,69.84,69.54
69.7,69.366,69.906,69.366
69.407,69.416,69.429,69.355
69.395,69.417,69.619,69.33
69.431,69.547,69.57,69.362
69.53,69.422,69.69,69.422
69.395,69.17399999999999,69.483,69.045
69.19,69.03,69.39,69.03
69.02,69.164,69.222,68.837
69.15,69.258,69.366,69.09
69.28,69.538,69.74,69.248
69.555,69.335,69.72,69.335
69.17,68.992,69.33800000000001,68.986
68.98,68.54,69.22,68.52
68.45,68.73,68.835,68.39
68.92,69.28,69.39,68.72
69.205,69.35600000000001,69.42399999999999,69.185
69.185,69.178,69.32,69.042
69.19,69.124,69.38,68.95
69.1,69.039,69.187,68.78
68.99600000000001,68.931,69.017,68.779
68.89,69.15899999999999,69.176,68.795
69.17,68.65,69.17,68.54
68.81,68.565,68.81,68.51
68.79,69.027,69.176,68.73100000000001
69.015,68.619,69.067,68.35
68.625,68.959,68.959,68.431
68.96300000000001,69.357,69.372,68.935
69.365,69.525,69.755,69.255
69.529,69.607,69.794,69.419
69.625,69.821,69.821,69.491
69.85,70.028,70.041,69.808
70.012,70.111,70.245,69.827
70.116,70.15100000000001,70.152,69.95
70.08,70.479,70.692,70.02199999999999
70.49,70.96300000000001,70.975,70.44800000000001
70.91,70.815,70.923,70.8
71.0,70.811,71.0,70.715
70.84,71.23100000000001,71.271,70.71300000000001
71.2,71.01,71.491,70.929
70.96,70.829,71.346,70.809
70.834,71.03399999999999,71.102,70.827
71.035,71.195,71.265,71.035
71.165,71.061,71.28,70.925
71.01,71.32,71.344,70.933
71.3,71.351,71.602,71.251
71.387,71.335,71.53699999999999,71.32600000000001
71.33,71.028,71.464,71.028
71.02,70.869,71.233,70.8
70.875,70.541,70.88,70.39699999999999
70.535,71.25399999999999,71.25399999999999,70.515
71.14,71.24,71.301,71.038
71.175,71.395,71.434,71.015
71.3,71.639,71.76899999999999,71.271
71.55,71.52,71.683,71.492
71.53,71.714,71.812,71.528
71.71,71.469,71.845,71.462
71.435,71.115,71.485,70.952
70.96,70.959,71.215,70.865
71.235,71.423,71.423,71.123
71.39,71.085,71.461,71.02600000000001
71.07,70.92,71.196,70.915
70.9,71.04,71.25,70.89
71.0,71.14699999999999,71.315,70.955
71.19,71.24,71.37,71.115
71.26,71.197,71.46600000000001,71.165
71.188,71.205,71.538,71.14
71.21,71.04,71.274,70.987
71.05,71.146,71.416,70.972
70.98,71.11,71.265,70.934
71.1,70.75,71.156,70.723
70.76,70.4,70.95,70.36
70.399,70.43,70.601,70.357
70.42,70.53,70.655,70.318
70.56,70.11,70.648,70.05
70.14,69.806,70.24,69.765
69.803,69.532,69.953,69.255
69.55,70.115,70.145,69.55
70.11,70.3,70.531,70.03399999999999
70.0,69.469,70.255,69.469
69.453,69.635,69.745,69.435
69.57,69.783,69.946,69.57
69.933,70.15100000000001,70.15100000000001,69.885
70.361,70.08800000000001,70.404,70.08800000000001
70.07,70.065,70.17,69.755
70.05,70.05,70.05,70.05
70.105,70.15100000000001,70.296,69.873
70.14,70.003,70.32,69.75
69.98,70.697,70.71600000000001,69.655
70.279,70.357,70.482,69.862
70.62,71.34,71.361,70.421
71.61,71.9,71.9,71.49600000000001
71.92,71.55,72.043,71.55
71.53,71.858,71.858,71.456
71.84,72.283,72.283,71.76899999999999
72.291,72.506,72.506,71.691
72.52,71.36,72.637,71.24
70.86,70.57,70.86,70.453
70.85,70.81,71.15,70.745
70.56,70.71,70.75,70.39
70.53,70.5,70.69,70.33
70.44,69.88,70.47,69.88
69.65,69.695,69.915,69.57
69.78,70.11,70.145,69.78
70.64,70.9,70.9,70.58
70.785,70.815,71.03,70.71
70.82,70.495,70.905,70.31
70.655,70.675,70.675,70.655
70.69,71.135,71.195,70.675
71.305,71.415,71.415,71.305
71.43,71.37,71.523,71.28699999999999
71.61,71.925,72.082,71.55
71.98,71.995,71.995,71.715
71.915,72.035,72.185,71.87
72.31,72.175,72.405,72.005
72.615,72.795,72.81,72.515
72.86,72.735,73.067,72.735
72.48,72.68,72.828,72.415
72.38,72.46,72.46,72.38
72.45,72.95,72.95,72.45
72.955,72.945,73.075,72.905
73.08,72.807,73.135,72.757
72.44,73.125,73.215,72.43
73.455,73.855,73.873,73.455
73.96,73.92,74.14,73.8
73.68,73.56,73.705,73.52
73.4,73.355,73.525,73.322
73.46,73.43,73.472,73.27
73.23,73.35,73.38,73.165
73.23,73.16,73.343,73.1
73.55,73.71,73.833,73.51
73.56,73.305,73.565,73.192
73.375,73.605,73.655,73.295
73.53,73.59,73.615,73.485
73.6,73.42,73.67,73.373
73.465,73.81,73.96,73.465
73.77,73.803,74.07,73.77
73.61,73.83,73.86,73.53
74.05,74.38,74.49,74.005
74.25,74.16,74.293,74.06
74.34,73.91,74.405,73.88
74.065,73.87,74.1,73.765
73.77,73.62,74.25,73.425
73.63,73.71,73.825,73.5
73.345,73.265,73.43,72.92
72.925,72.925,72.925,72.925
72.925,72.605,72.945,72.605
72.51,72.57,72.67,72.405
72.57,72.43,72.77,72.39
72.6,72.71,72.755,72.53699999999999
72.685,72.905,72.96,72.575
72.67,72.48,72.74,72.34
72.24,71.86,72.48,71.76
72.015,72.345,72.345,72.015
72.36,72.72,72.875,72.345
72.71,72.56,72.99,72.36
72.54,72.53,72.695,72.315
71.88,71.7,71.995,71.535
72.03699999999999,72.03699999999999,72.03699999999999,72.03699999999999
72.16,72.843,72.92,71.925
72.64,72.31,72.75,72.25
72.455,72.135,72.68,72.075
71.79,71.96,72.045,71.665
71.95,71.63,72.105,71.63
71.755,71.405,71.955,71.375
71.585,71.285,71.585,71.095
71.215,70.79,71.22,70.725
71.005,70.955,71.025,70.855
70.745,70.635,70.875,70.595
70.535,70.325,70.635,70.24
70.1,70.05,70.297,70.05
70.165,69.765,70.165,69.705
69.97,70.22,70.24,69.898
70.105,70.015,70.17,69.968
69.87,69.88,69.895,69.8
69.86,69.665,69.92,69.535
69.82,69.82,69.88,69.6
70.1,70.13,70.16,70.08
70.09,70.23,70.42,70.09
69.92,69.92,69.92,69.92
69.96,69.86,70.09,69.7
70.02,69.485,70.02,69.405
68.89,68.845,69.025,68.767
68.76,68.48,68.76,68.46
68.66,68.678,68.715,68.58
68.63,68.82,68.94,68.63
68.83,68.58,68.9,68.545
68.545,68.695,68.845,68.545
68.625,68.375,68.735,68.265
68.35,68.56,68.632,68.35
68.46,68.71,68.71,68.45
68.605,68.705,68.792,68.605
68.605,68.655,68.755,68.535
68.66,68.705,68.76,68.618
68.73,68.965,68.98,68.67
68.947,68.97,69.08800000000001,68.845
68.845,68.705,68.865,68.645
68.74,69.025,69.132,68.74
69.02,68.72,69.11,68.7
68.625,68.425,68.645,68.385
68.43,68.36,68.475,68.28
68.55,68.56,68.72,68.51
68.5,68.52,68.562,68.335
68.52,68.765,68.765,68.49
68.73,68.825,68.895,68.71
68.755,68.665,68.865,68.655
68.66,68.57,68.79,68.57
68.805,68.885,69.03,68.805
68.88,68.81,69.01,68.695
68.69,68.525,68.777,68.445
68.55,68.935,68.965,68.525
68.72,68.495,68.825,68.34
68.46,68.7,68.7,68.36
68.84,68.9,69.1,68.725
68.64,68.43,68.71,68.425
68.37,68.14,68.37,68.08
68.115,67.905,68.173,67.905
67.87,67.84,67.89,67.715
67.945,68.205,68.243,67.945
68.06,68.1,68.185,68.03
68.31,67.98,68.385,67.977
68.04,68.16,68.17,67.95
68.06,67.915,68.065,67.887
67.69,67.575,67.735,67.57
67.645,67.6,67.705,67.55
67.48,67.455,67.51,67.36
67.47,67.445,67.48,67.275
67.53,67.47,67.795,67.44
67.42,66.94,67.46,66.94
66.84,67.09,67.165,66.84
67.1,67.08,67.23,67.08
67.07,66.915,67.17,66.85
66.995,67.455,67.455,66.995
67.43,67.43,67.6,67.32
67.44,67.855,67.9,67.395
67.84,67.63,67.995,67.63
67.4,67.505,67.532,67.298
67.73,68.33,68.33,67.718
68.34,68.35,68.435,68.295
68.37,68.16,68.485,68.16
68.02,67.99,68.095,67.938
68.115,68.105,68.165,68.023
67.99,67.775,68.1,67.768
67.765,67.725,67.81,67.585
67.775,68.105,68.135,67.755
68.08,67.69,68.148,67.46
67.56,67.257,67.63,67.22
67.36,67.145,67.38,67.115
67.245,67.335,67.438,67.225
67.35,67.135,67.477,67.135
67.13,67.175,67.29,66.988
67.14,66.83,67.185,66.79
66.82,66.66,66.92,66.63
66.67,66.605,66.72,66.53
66.69,66.76,66.782,66.64
66.8,66.46,66.81,66.45
66.46,66.6,66.6,66.35
66.62,66.84,66.852,66.62
66.805,66.885,66.91199999999999,66.697
66.92,66.49,66.98,66.49
66.41,66.42,66.46,66.295
66.53,66.21,66.53,66.15
66.21,66.03,66.21,65.96
65.87,65.85,65.87,65.735
65.72,65.67,65.79,65.6
65.68,65.45,65.702,65.42
65.47,65.33,65.515,65.32
65.255,65.305,65.305,65.185
65.29,65.32,65.45,65.248
65.26,65.0,65.315,64.985
64.95,64.89,65.035,64.89
64.955,64.865,65.057,64.85
64.93,64.935,65.045,64.92
64.89,65.04,65.14,64.89
65.045,65.005,65.18,64.905
65.0,65.09,65.135,64.985
65.13,65.12,65.13,65.09
65.115,65.115,65.115,65.115
65.115,65.17,65.17,65.115
65.16,64.89,65.3,64.89
64.945,64.785,64.993,64.727
64.825,64.895,64.955,64.803
64.99,65.2,65.21,64.982
65.105,65.125,65.155,65.025
65.18,65.22,65.24,65.18
65.21,65.21,65.25,65.16
65.22,65.045,65.22,65.0
64.99,64.99,64.99,64.85
64.99,64.925,64.993,64.81
64.84,64.89,65.062,64.82
64.855,64.985,65.01,64.845
64.985,64.965,65.07,64.957
65.125,65.125,65.195,65.045
65.105,64.905,65.165,64.885
64.88,64.905,65.01,64.86
64.905,64.945,65.12,64.905
65.025,65.055,65.16,64.93
65.22,65.21,65.27,65.2
65.23,65.21,65.252,65.11
65.21,65.15,65.32,65.05
64.92,64.82,64.97,64.77
64.77,64.66,64.84,64.63
64.71,64.96,64.96,64.695
64.975,65.065,65.105,64.955
64.805,64.905,64.945,64.71300000000001
64.86,64.51,64.863,64.42
64.25,64.25,64.25,64.25
64.215,63.875,64.23,63.815
63.9,63.96,63.98,63.875
64.1,64.155,64.192,64.045
64.265,64.275,64.275,64.265
64.28,64.29,64.35,64.24
64.375,64.425,64.438,64.285
64.3,64.39,64.39,64.15
64.28,64.22,64.312,64.045
64.23,64.36,64.405,64.1
64.14,64.24,64.24,64.01
64.13,64.125,64.2,63.74
63.98,63.65,64.065,63.56
63.55,63.68,63.751999999999995,63.55
63.69,63.7,63.815,63.595
63.6,63.61,63.625,63.49
63.59,63.525,63.62,63.515
63.515,63.515,63.64,63.455
63.66,63.74,63.74,63.63
63.76,63.91,63.91,63.75
63.89,63.89,64.01,63.725
63.83,63.68,63.87,63.635
63.87,63.86,63.95,63.755
63.885,64.08,64.08,63.772
64.02,63.61,64.13,63.6
63.515,63.46,63.515,63.335
63.61,63.6,63.73,63.49
63.69,63.66,63.828,63.648
63.63,63.69,63.855,63.56
63.67,63.485,63.73,63.425
63.475,63.335,63.53,63.245
63.34,63.36,63.425,63.323
63.4,63.595,63.615,63.365
63.505,63.555,63.575,63.45
63.46,63.7,63.77,63.44
63.68,63.855,63.865,63.635
63.84,64.055,64.07,63.79
64.08,64.13,64.28,64.078
64.12,64.075,64.185,64.075
64.05,64.04,64.125,64.028
64.02,64.02,64.02,64.02
64.02,64.06,64.09,64.02
64.02,64.02,64.14,64.01
64.115,64.01,64.13,64.005
64.06,64.23,64.23,63.945
64.21,64.16,64.73,64.09
64.08,64.14,64.175,64.015
64.34,64.36,64.375,64.255
64.46,64.54,64.56,64.425
64.41,64.42,64.53,64.4
64.355,64.455,64.455,64.315
64.48,64.565,64.59,64.435
64.57,64.51,64.61,64.49
64.53,64.445,64.555,64.398
64.36,64.3,64.468,64.23
64.38,64.56,64.56,64.29
64.52,64.505,64.52,64.49
64.49,64.55,64.635,64.41
64.36,64.42,64.52,64.28
64.41,64.54,64.613,64.37
64.477,64.715,64.828,64.477
64.68,64.59,64.752,64.555
64.57,64.815,64.89699999999999,64.57
64.88,64.78,64.965,64.72
64.88,65.09,65.125,64.88
65.1,64.975,65.125,64.975
65.015,64.64699999999999,65.072,64.625
65.295,65.285,65.39,65.125
65.27,65.44,65.44,65.155
65.41,65.32,65.55,65.292
65.44,65.37,65.535,65.267
65.19,65.09,65.208,65.005
64.975,64.945,65.002,64.852
64.92,65.135,65.165,64.92
65.06,64.66,65.07,64.615
64.625,64.665,64.742,64.625
64.56,64.58,64.65,64.52
64.575,64.535,64.675,64.475
64.565,64.705,64.705,64.51
64.75,64.84,64.85,64.73
64.86,64.89,64.96,64.8
65.04,65.025,65.11,64.965
64.84,64.785,64.92,64.73
64.925,65.145,65.2,64.885
65.09,64.98,65.125,64.9
65.023,65.075,65.115,64.98
65.04,65.0,65.045,64.995
64.995,65.033,65.08,64.995
65.055,64.995,65.17,64.965
65.03,64.795,65.04,64.795
64.7,64.745,64.77,64.69
64.7,64.955,64.965,64.7
65.06,65.16,65.165,65.035
65.16,65.26,65.325,65.13
65.25,65.355,65.38,65.205
65.355,65.375,65.43,65.275
65.4,65.2,65.405,65.2
65.145,65.095,65.195,64.975
65.03,65.345,65.385,64.95
65.485,65.595,65.637,65.465
65.31,65.31,65.31,65.31
65.31,65.352,65.465,65.235
65.47,65.835,65.9,65.47
65.715,65.365,65.755,65.345
65.46,65.245,65.49,65.155
65.127,64.845,65.175,64.725
64.795,64.805,65.155,64.755
64.81,64.515,64.855,64.45
64.293,64.245,64.435,64.245
64.3,64.19,64.35,64.13
64.158,64.055,64.168,64.002
64.11,64.145,64.145,64.042
64.123,64.168,64.172,64.062
64.01,63.99,64.05,63.97
64.031,63.985,64.055,63.935
63.935,63.905,63.94,63.838
63.785,63.87,63.96,63.78
64.015,64.042,64.055,63.98
64.06,64.105,64.262,64.06
64.105,64.105,64.16199999999999,64.08
64.04,63.945,64.178,63.935
64.025,63.925,64.055,63.875
63.935,64.035,64.06,63.895
63.99,63.975,64.02,63.875
64.015,63.955,64.03699999999999,63.925
63.905,63.89,63.93,63.855
64.005,64.055,64.065,64.005
64.045,64.04,64.09,64.005
64.045,64.045,64.14699999999999,64.045
64.072,64.095,64.15,64.05
64.11,64.075,64.157,64.015
64.095,64.185,64.185,64.082
64.17,64.17,64.17,64.17
64.17,64.275,64.328,64.14
64.12,64.11,64.12,64.11
64.09,63.985,64.148,63.935
64.14,64.23,64.27,64.1
64.095,63.955,64.115,63.885
63.86,63.785,63.86,63.715
63.692,63.755,63.785,63.62
63.84,63.73,63.865,63.668
63.675,63.721000000000004,63.786,63.623999999999995
63.705,63.645,63.72,63.575
63.635,64.125,64.135,63.595
64.095,64.105,64.145,64.045
64.2,64.14,64.273,64.075
64.115,64.195,64.245,64.11
64.125,64.195,64.218,64.075
64.355,64.472,64.487,64.355
64.385,64.355,64.425,64.345
64.395,64.415,64.465,64.3
64.385,64.385,64.39,64.305
64.375,64.345,64.46,64.325
64.27,64.37,64.37,64.26
64.316,64.37,64.415,64.316
64.345,64.365,64.407,64.345
64.42399999999999,64.488,64.525,64.42399999999999
64.46,64.398,64.475,64.398
64.475,64.535,64.6,64.475
64.565,64.465,64.605,64.46
64.475,64.585,64.597,64.475
64.625,64.775,64.775,64.54
64.725,64.755,64.808,64.705
64.8,64.705,64.865,64.675
64.79,64.805,64.89699999999999,64.705
64.845,64.655,64.91,64.635
64.62,64.73,64.84,64.575
64.66,64.455,64.69,64.442
64.525,64.575,64.66,64.51
64.475,64.485,64.545,64.405
64.435,64.465,64.465,64.435
64.505,64.585,64.618,64.445
64.605,64.545,64.63,64.455
64.53,64.635,64.68,64.49
64.54,64.485,64.54,64.41199999999999
64.495,64.445,64.505,64.34
64.465,64.69,64.75,64.405
64.565,64.295,64.62,64.26
64.235,64.335,64.367,64.235
64.345,64.455,64.515,64.345
64.48,64.35,64.49,64.32
64.245,64.275,64.34,64.167
64.25,64.41,64.43,64.208
64.435,64.515,64.535,64.315
64.43,64.34,64.485,64.315
64.35,64.32,64.4,64.29
64.415,64.345,64.52,64.345
64.47800000000001,64.525,64.598,64.433
64.51,64.605,64.605,64.46
64.635,64.645,64.707,64.605
64.54,64.485,64.595,64.455
64.51,64.565,64.63,64.425
64.555,64.578,64.65,64.48
64.77,64.93,64.97,64.715
64.895,64.685,64.92,64.655
64.51,64.53,64.655,64.46
64.565,64.725,65.025,64.565
64.88,64.4,64.92,64.327
64.13,64.0,64.175,63.99
64.045,64.075,64.165,64.04
64.065,64.13,64.18,64.025
64.243,64.305,64.377,64.243
64.405,64.595,64.595,64.35
64.615,64.694,64.694,64.555
64.68,64.44,64.705,64.44
64.36,64.26,64.385,64.21
64.315,64.235,64.395,64.235
64.215,64.195,64.25,64.18
64.165,64.14,64.2,64.115
64.165,64.14699999999999,64.25,64.125
64.255,64.285,64.285,64.255
64.29,64.13,64.4,64.13
64.115,64.065,64.175,63.985
64.13,64.32,64.33,63.94
64.33,64.425,64.425,64.215
64.49,64.53699999999999,64.542,64.41
64.65,64.66,64.69,64.565
64.62,64.64,64.727,64.536
64.665,64.575,64.665,64.525
64.605,64.515,64.655,64.485
64.48,64.44,64.55,64.305
64.48,64.443,64.48,64.443
64.445,64.455,64.493,64.27199999999999
64.69,64.625,64.73,64.535
64.555,64.575,64.695,64.41
64.605,64.325,64.61,64.325
64.27,64.59899999999999,64.744,64.154
64.60600000000001,65.044,65.059,64.50399999999999
64.875,65.075,65.175,64.875
65.08,65.15,65.15,65.07
64.985,64.825,65.11,64.785
64.86,64.93,64.99,64.8
64.86,64.85,64.99,64.85
64.875,65.125,65.125,64.865
65.045,65.11,65.135,65.04
64.995,65.295,65.295,64.98
65.425,65.505,65.545,65.385
65.455,65.425,65.58800000000001,65.4
65.455,65.585,65.59,65.395
65.345,65.42399999999999,65.475,65.234
65.345,65.425,65.495,65.315
65.475,65.485,65.675,65.405
65.385,65.405,65.535,65.255
65.63,65.77,65.79,65.42
65.775,66.225,66.265,65.75
66.18,66.15,66.19,66.15
66.555,66.745,66.745,66.555
66.69,66.837,66.875,66.665
66.765,66.633,66.77,66.63
66.625,66.68,66.7,66.595
66.675,66.8,66.8,66.66
66.78,66.9,66.91,66.78
66.785,66.782,66.808,66.69
66.865,66.715,66.915,66.715
66.725,66.765,66.835,66.645
66.7,66.72,66.78,66.65
66.645,66.656,66.705,66.615
66.69,66.905,66.965,66.69
66.95,67.007,67.067,66.92699999999999
66.985,66.99,67.025,66.947
66.905,67.07,67.07,66.905
67.08,67.14,67.167,67.0
67.08,66.96,67.135,66.915
66.875,66.945,67.005,66.875
66.835,66.925,67.0,66.805
66.975,66.952,67.087,66.947
66.854,66.851,67.021,66.801
66.765,67.065,67.08800000000001,66.725
67.05,67.385,67.385,67.05
67.35,67.2,67.465,67.2
67.195,67.225,67.255,67.145
67.184,67.209,67.429,67.184
67.21,67.385,67.51,67.21
67.415,67.669,67.704,67.415
67.515,67.844,67.918,67.455
67.829,68.10600000000001,68.12,67.755
68.105,68.191,68.255,68.015
68.176,67.985,68.234,67.965
67.988,68.137,68.2,67.97
68.138,68.05,68.18,68.04
68.051,68.081,68.233,68.0
68.075,68.115,68.295,67.97800000000001
68.1,68.222,68.319,68.069
68.22,67.85300000000001,68.22,67.85300000000001
67.862,68.10300000000001,68.158,67.855
68.10300000000001,68.168,68.28,68.07
68.18,68.15,68.29,68.097
68.141,68.195,68.196,67.95
68.312,68.37,68.546,68.223
68.327,68.11,68.351,67.988
68.1,68.116,68.305,68.07
68.115,67.755,68.19800000000001,67.755
67.743,67.895,68.013,67.73
67.88600000000001,68.28,68.3,67.85
68.26,68.14699999999999,68.438,68.045
68.145,67.95100000000001,68.23100000000001,67.906
67.955,67.935,68.0,67.85
67.935,68.232,68.258,67.905
68.233,67.977,68.26100000000001,67.955
67.97800000000001,67.82,68.09,67.76
67.76,67.84100000000001,67.863,67.705
67.837,67.845,67.95,67.74
67.848,67.83800000000001,68.04,67.82
67.837,67.917,67.97,67.77
67.917,67.847,68.111,67.81
67.844,67.85,67.9,67.708
67.855,67.855,67.88,67.738
67.857,67.77,67.95,67.688
67.475,67.425,67.605,67.4
67.411,67.428,67.609,67.38
67.431,67.471,67.649,67.37
67.47,67.41,67.64,67.368
67.546,67.445,67.571,67.318
67.438,67.738,67.98,67.425
67.742,68.02600000000001,68.158,67.675
68.025,68.021,68.275,68.015
68.031,68.235,68.393,68.01
68.236,68.595,68.598,68.19
68.598,68.615,68.71,68.368
68.615,68.575,68.77600000000001,68.561
68.579,68.51899999999999,68.81,68.355
68.51899999999999,68.755,68.76100000000001,68.3
68.76100000000001,68.81,68.87,68.578
68.78399999999999,68.395,68.881,68.36
68.396,68.225,68.49,68.06
68.22800000000001,68.185,68.293,68.02
68.191,68.03,68.25,67.94
68.023,67.983,68.075,67.767
67.999,67.785,68.12,67.618
67.786,67.786,67.875,67.53
67.785,67.52,67.786,67.46
67.565,67.301,67.565,66.985
66.865,66.468,66.865,66.33
66.515,66.26100000000001,66.945,66.242
66.24600000000001,66.745,66.748,66.242
66.745,66.795,66.805,66.676
66.796,66.665,66.805,66.65
66.668,66.778,66.798,66.63
66.762,66.695,66.87,66.63
66.696,66.685,66.78,66.66
66.686,66.779,66.8,66.65
66.778,66.89399999999999,66.934,66.691
66.881,66.862,66.96300000000001,66.79
66.863,66.812,66.9,66.758
66.806,66.851,66.94,66.74
66.845,66.921,66.935,66.766
66.926,66.852,67.005,66.76
66.83,66.638,66.87,66.61
66.645,66.74,66.775,66.61
66.733,66.789,66.80199999999999,66.65
66.789,66.718,66.9,66.715
66.717,66.794,66.91,66.64
66.794,66.827,66.99,66.73
66.812,66.819,66.885,66.73
66.834,66.508,66.862,66.494
66.492,66.602,66.62,66.473
66.602,66.696,66.89,66.535
66.697,66.574,66.796,66.554
66.572,66.613,66.675,66.505
66.609,66.494,66.63,66.373
66.546,66.555,66.61,66.43
66.556,66.80199999999999,66.873,66.51
66.812,66.346,66.955,66.327
66.34899999999999,66.47,66.548,66.346
66.425,66.62899999999999,66.712,66.425
66.613,66.707,66.805,66.547
66.707,66.635,66.75,66.593
66.633,66.762,66.903,66.53
66.744,66.988,67.145,66.738
66.985,66.98,67.07,66.91
66.98,67.07600000000001,67.08,66.87
67.075,66.863,67.12,66.775
66.86,66.798,67.085,66.767
66.798,67.131,67.132,66.786
67.14,66.738,67.148,66.732
66.738,66.85,66.995,66.727
66.895,66.653,66.895,66.46
66.631,66.47800000000001,66.676,66.365
66.47800000000001,66.37,66.506,66.31
66.28,66.55,66.58,66.27
66.47,66.65,66.665,66.435
66.795,66.833,66.89699999999999,66.617
66.801,66.962,67.095,66.758
66.973,67.148,67.155,66.92
67.14399999999999,67.096,67.155,66.934
67.113,67.137,67.215,67.06
67.13600000000001,67.014,67.161,66.831
67.016,67.167,67.167,67.0
67.167,67.153,67.295,67.087
67.122,67.194,67.211,67.03
67.202,67.138,67.37,67.095
67.137,66.822,67.205,66.822
66.83,66.904,66.916,66.717
66.893,66.857,66.986,66.84
66.87,66.865,66.938,66.688
66.85300000000001,66.91,66.96,66.792
66.908,66.75,66.926,66.738
66.75,66.765,66.92,66.738
66.765,66.77199999999999,66.808,66.6
66.774,66.816,66.985,66.738
66.81,66.84,66.865,66.673
66.842,66.843,66.90100000000001,66.71
66.84,66.782,67.01,66.74
66.767,66.687,67.015,66.682
66.682,66.767,66.805,66.57
66.764,66.72,66.81,66.64
66.655,67.032,67.113,66.625
67.014,67.058,67.115,66.94
67.072,67.294,67.37899999999999,67.042
67.321,67.415,67.438,67.255
67.41199999999999,67.15,67.48,67.09
67.154,67.163,67.217,67.042
67.153,67.17399999999999,67.273,67.081
67.163,67.188,67.255,67.095
67.204,67.137,67.24,67.063
67.137,67.096,67.22,67.012
67.141,66.843,67.175,66.843
66.843,67.006,67.042,66.80199999999999
67.016,67.06,67.225,66.935
66.975,67.172,67.22,66.975
67.138,67.139,67.308,67.01
67.139,67.495,67.517,67.07
67.495,67.404,67.539,67.304
67.411,67.438,67.555,67.36
67.434,67.255,67.525,67.244
67.265,67.19,67.3,67.118
67.19,67.509,67.514,67.15
67.50399999999999,67.39399999999999,67.72,67.39399999999999
67.422,67.715,67.85,67.375
67.715,67.898,67.98,67.65
67.914,67.888,68.09,67.78
67.885,67.278,68.223,67.247
67.279,67.442,67.48,67.2
67.449,67.64,67.678,67.342
67.624,67.497,67.755,67.335
67.551,67.07300000000001,67.69,67.07300000000001
67.074,67.318,67.318,67.042
67.315,67.079,67.454,67.077
67.079,67.291,67.35300000000001,67.0
67.292,67.188,67.396,67.061
67.187,66.96,67.22,66.9
66.952,66.783,67.01,66.717
66.753,66.491,66.795,66.473
66.5,66.658,66.821,66.45100000000001
66.658,66.809,66.97,66.635
66.79,66.888,67.055,66.789
67.0,67.285,67.38,67.0
67.268,67.484,67.51,67.215
67.434,67.207,67.51899999999999,67.12
67.209,67.17,67.33800000000001,67.10600000000001
67.171,67.04,67.38,67.031
67.031,66.942,67.135,66.875
66.92699999999999,67.3,67.415,66.903
67.273,67.63,67.712,67.223
67.63,67.429,67.78,67.417
67.40899999999999,67.43,67.59,67.243
67.408,67.436,67.545,67.32
67.436,67.143,67.61,67.10300000000001
67.14,66.824,67.169,66.824
66.825,66.845,66.90100000000001,66.675
66.844,66.925,66.944,66.73
66.855,66.757,66.925,66.72
66.757,66.561,66.781,66.52
66.561,66.631,66.845,66.52
66.631,66.752,66.786,66.542
66.752,66.602,66.8,66.395
66.6,66.568,66.715,66.48
66.558,66.627,66.675,66.458
66.627,66.579,66.689,66.5
66.558,66.343,66.582,66.235
66.346,66.425,66.465,66.32
66.425,66.395,66.57,66.29
66.40100000000001,66.391,66.562,66.32
66.362,66.406,66.612,66.344
66.404,66.693,66.852,66.39699999999999
66.685,66.66,66.765,66.59
66.66,66.502,66.73100000000001,66.457
66.48899999999999,66.165,66.528,66.164
66.166,66.137,66.36,66.095
66.15,66.417,66.502,66.12899999999999
66.416,66.66,66.72,66.415
66.66,66.597,66.68,66.469
66.597,66.506,66.69,66.479
66.49600000000001,66.277,66.68,66.271
66.283,66.301,66.567,66.27199999999999
66.28699999999999,66.555,66.60300000000001,66.28
66.551,66.757,66.78699999999999,66.475
66.757,66.517,66.82600000000001,66.422
66.517,66.42,66.745,66.38
66.422,66.112,66.558,66.08
66.10600000000001,66.31,66.387,66.024
66.365,66.355,66.502,66.27
66.255,66.235,66.358,66.125
66.375,66.295,66.502,66.265
66.375,66.61,66.66,66.366
66.608,66.79,66.91199999999999,66.51100000000001
66.829,66.916,66.928,66.745
66.916,66.93,66.94800000000001,66.822
66.93,66.755,66.956,66.625
66.755,66.5,66.84,66.48
66.5,66.383,66.571,66.383
66.384,66.63,66.7,66.256
66.619,66.91,66.958,66.605
67.173,67.37,67.46,67.173
67.372,67.138,67.415,67.13600000000001
67.138,66.973,67.24600000000001,66.88
66.921,67.303,67.352,66.90100000000001
67.30199999999999,67.128,67.373,66.895
67.128,67.325,67.515,67.062
67.313,66.98899999999999,67.47,66.988
66.98899999999999,66.98899999999999,67.156,66.933
66.938,67.12100000000001,67.355,66.881
67.122,67.41,67.46,67.12100000000001
67.395,67.59899999999999,67.765,67.392
67.753,68.206,68.36,67.67699999999999
68.208,68.737,68.792,68.203
68.737,68.779,68.86,68.63
68.768,68.431,68.90899999999999,68.384
68.431,68.561,68.66,68.38600000000001
68.561,68.553,68.69,68.46
68.533,68.69,68.725,68.505
68.545,68.531,68.686,68.521
68.542,68.322,68.6,68.316
68.329,68.482,68.69,68.314
68.47399999999999,68.14,68.512,68.061
68.131,68.119,68.27,68.01
68.118,68.471,68.49600000000001,68.11
68.471,67.862,68.48899999999999,67.785
67.861,67.91,67.99600000000001,67.798
67.90100000000001,68.054,68.22,67.882
68.03399999999999,67.88,68.068,67.78
67.81,67.546,67.84,67.495
67.544,67.76,67.895,67.524
67.934,67.977,68.265,67.929
67.975,67.817,68.043,67.764
67.835,67.878,67.97,67.64
67.878,68.053,68.18,67.785
68.053,68.15,68.265,68.017
68.14399999999999,67.766,68.185,67.73899999999999
67.73899999999999,67.727,67.90899999999999,67.697
67.755,67.579,67.85,67.493
67.54899999999999,67.82600000000001,67.869,67.547
67.79899999999999,67.955,68.12,67.797
67.958,67.734,68.18,67.73100000000001
67.734,67.66199999999999,67.8,67.525
67.661,67.791,67.791,67.5
67.775,67.328,67.869,67.255
67.316,66.918,67.49,66.917
66.917,66.947,66.953,66.73
66.946,66.766,66.98,66.74
66.76,66.874,66.965,66.708
66.847,66.891,66.93,66.6
66.891,66.712,66.98100000000001,66.507
66.69800000000001,66.499,66.905,66.479
66.48100000000001,66.59899999999999,66.663,66.428
66.579,66.165,66.66,66.165
66.235,66.209,66.267,66.13
66.208,66.484,66.484,66.09
66.475,66.257,66.495,66.234
66.235,66.153,66.43,66.13600000000001
66.137,66.03,66.22,66.03
66.025,65.946,66.03,65.946
65.947,66.058,66.16199999999999,65.946
66.03699999999999,66.242,66.285,66.01100000000001
66.244,66.268,66.36,66.176
66.251,66.319,66.385,66.189
66.255,66.411,66.535,66.22800000000001
66.421,66.454,66.685,66.26
66.476,66.866,66.947,66.431
66.863,67.092,67.135,66.77
67.093,67.1,67.18,66.965
67.148,66.76100000000001,67.148,66.743
66.756,66.855,66.935,66.681
66.855,66.862,66.96,66.725
66.857,66.777,66.895,66.71
66.773,66.643,66.867,66.57
66.643,66.79,66.995,66.642
66.79,66.598,66.898,66.561
66.59100000000001,66.433,66.68,66.432
66.434,66.462,66.61,66.385
66.462,66.835,66.945,66.422
66.907,66.66,66.91,66.65
66.565,66.37100000000001,66.675,66.347
66.368,66.26100000000001,66.399,66.26100000000001
66.262,66.398,66.505,66.26
66.395,66.095,66.485,66.057
66.058,66.08800000000001,66.28,66.044
66.09,66.057,66.24,66.032
66.033,66.008,66.325,65.985
65.98100000000001,65.905,66.095,65.885
65.88600000000001,66.079,66.26,65.85300000000001
66.059,66.19,66.24,66.059
66.055,66.135,66.165,66.01
66.07,66.07,66.07,66.07
66.2,66.44,66.49,66.2
66.475,66.42,66.5,66.317
66.14,65.817,66.14,65.733
65.86,65.609,65.9,65.523
65.609,65.592,65.63,65.33
65.569,65.568,65.795,65.42
65.561,65.413,65.665,65.355
65.423,65.444,65.453,65.12
65.449,65.154,65.47,65.12
64.954,65.112,65.12,64.833
65.112,64.921,65.117,64.885
64.921,64.964,65.025,64.788
64.892,64.869,65.06,64.7
64.86,65.133,65.173,64.85300000000001
65.146,65.024,65.23,65.0
65.024,64.92,65.07,64.86
64.919,64.703,64.937,64.681
64.703,64.78,65.03,64.639
64.779,64.735,64.921,64.68
64.736,65.112,65.185,64.73
65.098,64.797,65.192,64.78
64.795,64.779,64.89,64.7
64.78,64.817,65.00399999999999,64.689
64.819,64.935,65.188,64.816
64.907,65.127,65.37,64.815
65.12899999999999,65.145,65.44,65.128
65.134,65.155,65.34,65.047
65.36399999999999,65.623,65.7,65.358
65.631,65.524,65.68,65.49
65.517,65.836,65.955,65.48
65.837,66.413,66.441,65.836
66.267,66.16,66.274,66.02
66.17,66.108,66.242,66.07
66.11,66.175,66.38,66.04
66.184,65.91,66.186,65.828
65.91,65.71,65.97,65.56
65.691,65.869,65.95,65.62
65.868,66.117,66.26,65.67
66.071,66.194,66.301,66.066
66.219,66.449,66.52,66.186
66.447,66.279,66.48,66.266
66.26100000000001,66.242,66.5,66.21
66.241,66.309,66.59,66.238
66.29899999999999,66.646,66.77,66.298
66.619,66.311,66.65,66.245
66.294,66.85300000000001,66.913,66.293
66.88600000000001,66.726,66.907,66.585
66.685,66.124,66.785,66.09
66.1,66.202,66.3,66.04
66.202,66.383,66.47399999999999,66.125
66.383,66.398,66.47,66.19
66.41199999999999,66.15100000000001,66.5,66.128
66.15,65.985,66.26,65.94
65.968,66.141,66.16,65.865
66.00399999999999,66.289,66.39,66.00399999999999
66.28,66.867,66.91,65.87
66.814,66.39,66.816,66.305
66.03399999999999,65.441,66.045,65.42
65.433,65.097,65.7,65.061
65.109,65.40899999999999,65.45,65.061
65.454,65.444,65.5,65.3
65.436,65.097,65.461,65.07
65.12899999999999,65.234,65.38,64.96
65.203,64.855,65.34,64.63
64.855,64.354,64.96,64.28
64.332,63.773,64.392,63.751000000000005
63.773,63.744,63.92,63.707
63.739,63.722,63.97,63.701
63.722,63.692,63.83,63.65
63.692,63.798,63.94,63.65
63.798,64.178,64.178,63.68
64.17699999999999,63.996,64.19,63.93
63.988,64.152,64.22,63.864
64.138,63.826,64.16,63.82
63.821000000000005,63.8,63.95,63.766999999999996
63.799,64.232,64.243,63.74
64.202,64.16,64.27,64.0
64.10600000000001,63.922,64.18,63.826
63.92100000000001,63.57,63.93,63.57
63.571000000000005,63.567,63.68,63.49
63.583,63.6,63.76,63.537
63.6,63.483000000000004,63.75,63.47
63.492,63.486999999999995,63.54,63.375
63.463,63.508,63.56399999999999,63.42
63.507,63.278,63.61,63.278
63.281000000000006,63.45,63.6,63.265
63.45,63.358999999999995,63.6,63.315
63.358000000000004,63.318000000000005,63.49,63.308
63.318000000000005,63.456,63.59,63.29
63.458999999999996,63.476000000000006,63.66,63.453
63.476000000000006,63.263000000000005,63.582,63.26
63.263999999999996,63.427,63.64,63.254
63.411,63.297,63.5,63.297
63.299,63.553000000000004,63.68,63.29600000000001
63.55,63.608999999999995,63.711999999999996,63.53
63.604,63.707,63.81,63.55
63.707,63.523,63.95,63.45
63.452,63.528,63.67,63.45
63.518,63.548,63.65,63.489
63.526,63.59,63.71,63.486999999999995
63.607,63.532,63.695,63.498999999999995
63.523,63.532,63.59,63.44
63.5,63.57899999999999,63.87,63.42
63.577,63.905,63.95,63.566
64.01100000000001,64.166,64.28,63.989
64.166,64.081,64.33,63.996
64.085,64.1,64.2,64.0
64.1,63.985,64.2,63.9
63.958999999999996,63.782,64.03,63.75
63.766000000000005,64.039,64.071,63.76
64.01,63.963,64.09,63.85
63.946999999999996,64.111,64.18,63.925
63.77,63.963,64.035,63.75
63.964,63.996,64.27,63.916000000000004
63.997,63.699,64.08,63.669
63.68899999999999,63.61,63.97,63.59
63.593999999999994,63.733000000000004,63.841,63.53
63.743,63.79,63.946000000000005,63.68
63.763000000000005,63.823,64.0,63.745
63.826,63.983000000000004,64.17,63.82
63.972,63.493,64.02,63.49
63.496,63.511,63.68,63.49
63.49,63.578,63.681000000000004,63.43
63.58,63.611999999999995,63.75,63.51
63.598,63.781000000000006,63.9,63.555
63.763000000000005,63.725,63.85,63.52
63.708,63.442,63.75,63.425
63.44,63.403,63.662,63.347
63.383,64.014,64.063,63.379
64.013,64.146,64.281,63.845
64.14699999999999,64.007,64.39,63.998000000000005
64.007,63.705,64.02199999999999,63.705
63.711000000000006,64.071,64.23,63.657
64.07300000000001,63.635,64.29,63.623000000000005
63.621,63.376000000000005,63.685,63.31
63.369,63.562,63.62,63.315
63.516000000000005,63.692,63.693000000000005,63.516000000000005
63.718999999999994,63.531000000000006,63.72,63.5
63.528999999999996,63.44,63.74,63.398
63.46,63.049,63.501999999999995,63.04
63.053000000000004,63.333999999999996,63.47,63.027
63.346000000000004,63.747,63.78,63.346000000000004
63.662,63.283,63.683,63.215
63.277,62.968,63.43,62.895
62.98,62.881,63.02,62.725
62.854,63.14,63.165,62.75
63.137,62.553999999999995,63.167,62.5
62.55,62.317,62.55,62.305
62.317,62.353,62.407,62.245
62.36,62.294,62.46,62.263999999999996
62.268,62.413000000000004,62.422,62.21
62.407,62.184,62.575,62.18
62.276,62.301,62.43,62.208999999999996
62.306000000000004,62.201,62.336999999999996,62.15
62.192,62.301,62.372,62.138999999999996
62.29600000000001,62.206,62.425,62.195
62.207,61.93,62.24,61.93
61.96,62.078,62.14,61.93600000000001
62.067,62.163000000000004,62.24,62.04600000000001
62.141999999999996,62.291000000000004,62.402,62.135
62.291000000000004,62.513999999999996,62.68,62.276
62.51,62.534,62.7,62.438
62.523,62.84,62.851000000000006,62.395
62.836000000000006,62.43,62.843,62.43
62.412,62.343999999999994,62.45399999999999,62.262
62.348,62.21,62.42100000000001,62.14
62.23,62.415,62.415,62.23
62.41,62.525,62.595,62.41
62.49,62.39,62.685,62.37
62.701,62.651,62.79,62.62
62.623000000000005,62.778,62.85,62.608000000000004
62.78,63.086999999999996,63.138000000000005,62.763000000000005
63.083,62.559,63.126000000000005,62.433
62.542,62.777,62.79600000000001,62.408
62.781000000000006,62.723,62.88,62.7
62.72,62.641000000000005,62.836000000000006,62.563
62.63399999999999,62.475,62.8,62.4
62.46,62.393,62.463,62.3
62.381,62.309,62.43,62.16
62.309,61.818999999999996,62.391000000000005,61.659
61.818999999999996,61.861999999999995,61.972,61.772
61.861999999999995,61.713,62.0,61.675
61.659,61.744,61.92,61.658
61.731,61.871,62.0,61.675
61.861999999999995,62.09,62.113,61.84
62.17,62.172,62.36,62.07
62.163000000000004,62.27,62.33,62.117
62.108999999999995,62.14,62.29,62.108000000000004
62.138000000000005,62.06399999999999,62.17,62.03
62.056999999999995,62.157,62.361000000000004,62.005
62.157,62.105,62.27,62.07
62.105,62.114,62.25,62.07
62.076,62.14,62.224,62.02
62.15,62.382,62.54,62.028
62.382,62.327,62.433,62.12
62.327,62.161,62.373999999999995,61.93
62.148999999999994,62.058,62.22,61.95
61.97,61.703,62.025,61.665
61.708999999999996,61.842,61.95,61.678000000000004
61.842,61.596000000000004,61.91,61.565
61.596000000000004,61.721000000000004,61.85,61.565
61.718999999999994,62.005,62.085,61.645
62.02,61.806999999999995,62.035,61.71
61.801,61.44,61.981,61.43
61.358000000000004,61.515,61.54,61.27
61.41,61.48,61.525,61.355
61.48,61.515,61.52,61.475
61.44,61.45,61.615,61.373000000000005
61.605,61.635,61.77,61.505
61.56,61.73,61.73,61.54
61.655,61.825,61.905,61.645
61.645,61.655,61.812,61.605
61.87,62.085,62.21,61.795
62.065,61.885,62.105,61.485
62.095,62.085,62.235,62.06
61.98,62.1,62.195,61.97
62.075,62.355,62.355,62.065
62.355,62.5,62.52,62.3
62.675,63.205,63.205,62.595
63.28,63.52,63.565,63.17
63.575,63.375,63.625,63.315
63.345,63.435,63.495,63.285
63.285,63.445,63.501999999999995,63.255
63.355,63.175,63.455,63.175
63.035,63.315,63.39,63.035
63.385,63.725,63.795,63.355
63.67,63.665,63.715,63.625
63.562,63.455,63.69,63.455
63.52,63.52,63.52,63.52
63.52,63.435,63.565,63.375
63.44,63.31,63.51,63.25
63.23,63.255,63.33,63.145
63.245,63.055,63.34,62.99
62.99,63.36,63.4,62.985
63.525,63.53,63.89,63.45
63.66,62.915,63.66,62.815
63.175,62.21,63.175,62.21
62.525,62.26,62.535,62.21
62.48,62.05,62.48,62.01
62.115,61.81,62.115,61.77
61.88,61.89,61.955,61.835
61.825,61.98,62.01,61.825
61.918,61.845,61.918,61.78
61.79,61.945,61.965,61.79
61.863,61.885,61.97,61.815
61.795,61.905,62.02,61.795
61.955,62.06,62.24,61.955
62.21,61.815,62.25,61.765
61.86,61.74,61.938,61.74
61.795,61.865,61.913000000000004,61.785
61.865,61.915,62.045,61.85
61.86,61.7,61.975,61.66
61.766999999999996,61.845,61.905,61.745
61.93,62.04,62.23,61.89
61.945,61.845,62.008,61.795
61.725,61.735,61.885,61.705
61.83,61.63,61.83,61.63
61.715,61.63,61.86,61.56
61.6,61.49,61.635,61.49
61.375,61.535,61.57,61.375
61.515,61.57,61.65,61.515
61.485,61.465,61.57,61.39
61.52,61.44,61.7,61.44
61.5,61.44,61.515,61.425
61.435,61.34,61.545,61.3
61.395,61.365,61.415,61.31
61.42,61.51,61.51,61.325
61.405,61.365,61.615,61.3
61.44,61.29,61.555,61.29
61.29,61.265,61.375,61.22
61.188,61.255,61.425,61.162
61.305,61.185,61.375,61.185
61.17,61.17,61.17,61.17
61.17,61.16,61.21,61.1
61.2,61.095,61.315,61.015
61.15,61.315,61.376999999999995,61.12
61.235,61.315,61.385,61.185
61.365,61.765,61.765,61.36
61.84,61.485,61.94,61.435
61.38,61.31,61.41,61.25
61.4,60.945,61.48,60.935
61.01,61.285,61.315,61.01
61.285,61.165,61.365,61.125
61.055,61.145,61.145,60.91
61.36,61.47,61.525,61.31
61.305,61.465,61.485,61.28
61.545,61.545,61.545,61.545
61.545,61.545,61.545,61.545
61.545,61.72,61.72,61.545
61.725,61.835,61.965,61.593
61.94,61.615,61.94,61.565
61.56,61.155,61.62,61.155
61.145,61.345,61.625,61.015
61.335,60.965,61.42,60.925
60.945,61.045,61.065,60.905
61.055,60.955,61.055,60.875
60.945,60.795,60.945,60.755
60.86,60.78,60.9,60.73
60.74,61.115,61.22,60.74
60.915,60.985,61.043,60.83
61.06,61.025,61.165,61.007
61.105,60.655,61.175,60.655
60.655,60.975,61.025,60.645
60.93,60.845,60.945,60.72
60.93,60.78,61.045,60.76
60.605,60.435,60.673,60.405
60.275,60.305,60.325,60.211999999999996
60.395,60.445,60.505,60.38
60.36,60.465,60.49,60.355
60.49,60.605,60.695,60.335
60.685,60.585,60.695,60.495
60.53,60.51,60.535,60.425
60.52,60.51,60.55,60.47
60.5,60.405,60.698,60.365
60.455,60.485,60.515,60.35
60.435,60.505,60.58,60.435
60.57,60.555,60.58,60.405
60.47,60.495,60.56,60.365
60.675,60.695,60.8,60.615
60.615,60.845,60.885,60.52
60.675,60.775,60.785,60.645
60.78,60.78,60.78,60.78
60.78,60.82,60.85,60.78
60.765,61.105,61.12,60.765
61.095,61.095,61.315,61.095
61.085,61.125,61.225,61.075
61.175,61.085,61.265,61.025
61.145,61.245,61.745,61.135
61.245,61.405,61.555,61.215
61.5,61.035,61.525,61.025
60.85,60.885,61.005,60.695
60.945,61.205,61.205,60.875
61.215,60.755,61.225,60.7
60.555,60.245,60.565,60.205
60.065,60.245,60.245,60.052
60.13,60.125,60.14,60.1
60.09,60.055,60.17,60.055
60.06,60.055,60.195,60.01
60.125,59.965,60.165,59.935
60.02,60.145,60.21,59.96
60.105,60.265,60.305,60.1
60.245,60.285,60.34,60.165
60.285,60.385,60.455,60.245
60.185,60.025,60.2,60.025
60.125,60.235,60.275,60.09
60.125,60.045,60.25,60.005
60.125,59.97,60.215,59.915
60.095,60.115,60.315,59.925
60.195,59.685,60.225,59.575
59.765,59.755,59.95,59.685
59.755,59.955,60.005,59.665
59.955,59.815,60.06,59.735
59.725,59.745,59.83,59.645
59.74,59.675,59.85,59.53
59.692,60.035,60.095,59.59
60.06,60.085,60.2,60.06
60.06,60.045,60.28,60.005
60.045,60.21,60.21,60.045
60.21,60.035,60.26,60.035
60.085,60.255,60.4,60.085
60.16,60.09,60.175,60.08
60.16,60.065,60.305,60.015
60.175,60.235,60.345,60.135
60.095,60.225,60.225,59.855
60.3,60.215,60.545,60.065
60.33,60.115,60.525,60.035
60.185,59.715,60.24,59.715
59.71,59.31,59.81,59.3
59.295,59.235,59.375,59.1
59.34,59.33,59.37,59.23
59.215,59.135,59.35,59.135
59.205,59.105,59.21,58.975
59.175,59.165,59.315,59.105
59.26,59.28,59.37,59.195
59.28,59.435,59.465,59.215
59.34,59.08,59.431999999999995,59.08
59.155,59.105,59.275,59.065
59.195,59.045,59.195,58.94
58.92,58.935,59.085,58.795
58.945,58.955,59.22,58.815
59.045,58.715,59.097,58.655
58.715,58.445,58.925,58.41
58.525,58.465,58.555,58.33
58.285,58.615,58.7,58.265
58.695,58.705,58.875,58.635
58.59,58.595,58.825,58.525
58.375,58.565,58.615,58.375
58.585,59.365,59.365,58.585
59.465,59.415,59.615,59.1
59.485,59.405,59.515,59.39
59.465,59.965,59.965,59.46
60.055,59.905,60.115,59.513000000000005
59.965,60.065,60.1,59.87
59.9,59.965,60.1,59.88
60.025,60.055,60.155,59.965
59.985,60.075,60.245,59.975
60.24,60.09,60.25,60.008
60.185,60.235,60.285,60.105
60.27,60.27,60.27,60.27
60.345,60.355,60.415,60.225
60.425,60.615,60.635,60.315
60.65,60.605,60.74,60.433
60.645,61.055,61.15,60.543
61.11,61.01,61.14,61.01
61.095,60.885,61.195,60.865
60.765,60.675,60.885,60.635
60.595,60.265,60.615,60.265
60.295,60.295,60.295,60.235
60.295,60.295,60.505,60.27
60.375,60.305,60.425,60.185
60.235,60.355,60.355,60.205
60.255,60.255,60.255,60.255
60.18,60.325,60.345,60.14
60.075,60.045,60.295,60.035
60.145,59.975,60.155,59.825
60.09,60.13,60.15,60.03
60.115,59.905,60.25,59.765
60.085,60.355,60.398,60.075
60.17,59.955,60.3,59.835
59.905,59.815,59.915,59.575
60.015,59.935,60.045,59.935
60.015,59.91,60.02,59.91
59.89,60.19,60.19,59.69
60.245,60.245,60.355,60.125
60.145,60.305,60.305,60.065
60.485,60.605,60.605,60.435
60.78,60.855,60.855,60.645
60.9,61.195,61.205,60.9
61.34,61.39,61.39,61.07
60.975,61.085,61.185,60.925
61.115,61.035,61.215,60.875
61.09,61.13,61.13,61.07
61.205,61.415,61.555,61.055
61.175,61.025,61.185,60.915
61.22,60.945,61.295,60.945
60.945,60.885,60.975,60.605
60.845,61.255,61.335,60.79
61.085,61.015,61.175,60.945
61.115,61.535,61.535,61.105
61.755,61.905,61.91,61.65
61.905,62.135,62.155,61.835
62.045,61.955,62.09,61.815
61.795,62.105,62.14,61.755
61.995,61.995,61.995,61.995
61.985,61.965,62.055,61.885
61.985,61.985,62.05,61.86
62.075,62.105,62.16,61.945
62.14,62.19,62.19,62.055
62.24,62.38,62.45,62.213
62.24,62.2,62.24,62.2
62.18,62.02,62.31,61.96
61.845,61.965,62.085,61.825
61.855,62.245,62.37,61.845
62.425,62.005,62.465,62.005
62.095,62.105,62.185,62.045
62.225,62.355,62.455,62.19
62.455,62.375,62.505,62.09
62.305,62.305,62.415,62.25
62.38,62.37,62.55,62.36
62.6,62.39,62.62,62.36
62.53,62.655,62.835,62.486999999999995
62.565,62.705,62.79,62.555
62.685,62.405,62.755,62.355
62.565,62.905,62.905,62.545
62.475,62.345,62.59,62.115
62.575,63.195,63.195,62.515
63.105,62.885,63.325,62.655
62.695,61.945,62.745,61.945
61.933,61.815,62.05,61.815
61.82,61.905,62.025,61.716
61.885,61.545,61.945,61.455
61.625,61.675,61.675,61.53
61.545,61.485,61.555,61.32
61.54,61.655,61.71,61.51
61.58,61.67,61.72,61.43
61.49,61.49,61.49,61.49
61.525,61.605,61.64,61.425
61.907,62.005,62.005,61.825
62.095,62.125,62.245,61.975
62.165,62.215,62.282,62.085
62.305,62.405,62.475,62.295
62.315,62.355,62.465,62.225
62.19,62.347,62.565,62.155
62.27,61.891999999999996,62.415,61.755
61.91,61.828,61.995,61.81
61.81,61.802,62.015,61.718
61.92,61.998000000000005,62.17,61.778999999999996
61.94,62.145,62.175,61.845
62.17,61.78,62.17,61.77
61.8,61.8,61.8,61.8
61.755,61.79,61.975,61.714
61.963,62.108000000000004,62.15,61.79
62.0,62.415,62.465,61.93
62.15,62.01,62.49,62.01
62.1,61.91,62.203,61.79
62.02,61.69,62.04,61.69
61.74,62.06,62.22,61.625
62.195,62.11,62.297,62.05
61.82,61.61,61.94,61.431000000000004
61.255,61.016999999999996,61.435,61.016999999999996
61.05,60.99,61.305,60.949
61.14,60.84,61.22,60.84
61.435,61.645,61.727,61.273
61.763000000000005,61.96,61.96,61.534
62.06,62.38,62.543,61.912
62.37,62.315,62.455,62.206
62.325,62.36,62.36,61.92100000000001
62.398999999999994,62.315,62.655,62.205
62.282,62.4,62.568000000000005,62.27
62.15,62.475,62.475,62.15
62.51,62.398,62.658,62.198
62.51,62.66,62.7,62.347
62.733000000000004,63.042,63.095,62.733000000000004
62.94,62.51,63.065,62.51
62.58,62.257,62.69,62.245
62.37,62.165,62.39,61.88
62.42,62.825,62.92,62.38
62.98,63.1,63.262,62.975
63.12,63.31,63.35,62.96
63.31,63.74,63.91,63.211999999999996
63.72,63.25,63.85,63.25
63.245,62.985,63.501999999999995,62.92
62.48,62.402,62.833999999999996,62.402
62.42,62.35,62.763000000000005,62.325
62.4,62.01,62.542,61.825
61.635,61.75,61.96,61.62
61.75,61.75,61.75,61.75
61.75,61.51,62.025,61.51
61.623999999999995,61.275,61.63,61.245
61.26,61.38,61.615,61.09
61.43,61.535,61.735,61.321000000000005
61.445,61.415,61.605,61.37
61.465,61.465,61.805,61.37
61.47,61.6,61.695,61.31399999999999
61.63,61.66,61.727,61.085
61.655,61.63,61.845,61.535
61.58,61.355,61.595,61.345
61.24,61.2,61.72,60.94
61.14,61.56,61.74,61.14
61.735,61.765,61.765,61.735
61.84,61.275,61.95,61.275
61.555,61.155,61.555,61.13
61.02,61.21,61.38,60.96
61.36,61.83,62.295,61.25
61.88,62.11,62.31,61.73
61.955,61.795,61.955,61.625
61.795,61.505,61.955,61.495
61.435,61.855,61.945,61.255
61.735,62.425,62.425,61.65
62.46,62.46,62.46,62.46
62.46,62.56,62.57,62.165
62.59,62.995,63.045,62.505
62.515,62.075,62.575,61.773
62.075,62.435,62.435,61.98
62.445,62.765,62.885,62.325
62.79,62.61,62.915,62.45
62.605,62.255,62.725,62.255
62.235,62.045,62.615,61.885
61.775,61.755,62.065,61.65
63.385,63.305,63.455,63.055
63.375,63.355,63.635,62.955
62.835,62.705,62.885,62.445
63.38,63.755,64.185,63.36
63.43,63.265,63.985,62.925
63.275,63.905,64.215,63.005
63.845,64.405,64.545,63.765
65.245,65.245,65.245,65.245
65.245,66.005,66.295,65.005
66.015,67.005,67.005,65.535
67.07,68.305,68.605,66.815
67.635,66.295,68.255,66.255
66.005,66.105,66.305,65.685
65.705,67.085,67.435,65.695
66.555,66.915,67.875,66.515
68.805,66.905,68.805,66.905
66.31,64.99,66.31,64.99
64.3,63.7,64.73,63.648
63.205,64.325,64.765,63.205
64.555,64.805,65.565,64.545
64.115,63.125,64.55,63.115
63.125,63.735,64.125,63.125
63.14,62.36,63.23,62.235
61.665,61.365,62.015,61.335
61.425,61.445,61.528999999999996,61.242
61.284,61.19,61.57,61.15
61.336999999999996,61.07,61.67,60.894
61.125,60.495,61.31,60.495
60.68,60.68,60.68,60.68
60.731,61.19,61.41,60.705
61.21,61.14,61.471000000000004,60.933
60.79,60.882,61.876000000000005,60.78
60.86,61.03,61.03,60.725
61.105,60.445,61.185,60.445
60.565,60.765,60.915,60.24
60.855,60.715,61.2,60.36
60.815,59.505,60.845,59.422
59.555,58.955,59.555,58.955
59.04600000000001,59.01,59.141999999999996,58.706
58.965,59.137,59.385,58.74
59.255,59.765,59.765,58.96
59.76,59.725,59.88,59.5
59.725,59.305,59.735,59.285
59.34,59.73,59.87,59.305
59.745,59.275,59.791000000000004,59.255
59.33,59.245,59.585,59.05
59.3,59.19,59.5,59.1
59.815,59.945,60.09,59.78
59.891000000000005,59.76,60.21,59.56
59.833999999999996,59.815,59.99,59.335
59.895,60.065,60.225,59.65
60.102,59.81,60.49,59.72
60.695,60.935,61.225,60.605
60.23,60.195,60.6,60.015
60.075,60.045,60.409,59.915
60.226000000000006,59.875,60.456,59.865
59.555,59.385,59.73,59.185
59.385,59.47,59.603,58.966
59.533,60.11,60.11,59.21
60.195,60.625,60.63,60.105
60.72,59.605,60.765,59.605
59.665,59.765,59.795,59.435
59.815,59.6,59.84,59.545
59.275,59.525,59.785,59.15
59.575,59.615,59.98,59.505
58.72,58.765,58.925,58.62
58.845,58.015,58.885,58.015
58.11,57.7,58.11,57.56
57.505,57.965,57.965,57.41
58.005,58.115,58.575,57.935
57.835,58.285,58.398,57.735
58.34,58.11,58.99,58.03
58.155,57.255,58.16,57.162
57.065,56.845,57.135,56.688
56.93,56.73,57.01,56.69
56.855,56.45,56.855,56.315
56.495,56.665,56.75,56.415
56.675,56.515,56.84,56.43
56.58,56.29,56.77,56.29
56.385,56.205,56.47,56.045
56.305,56.015,56.415,56.015
56.115,55.705,56.135,55.645
55.573,55.755,55.785,55.525
55.82,55.65,55.83,55.455
55.715,55.615,56.025,55.555
55.66,55.418,55.67,55.31
55.435,55.115,55.485,54.955
55.04,55.06,55.145,54.958
54.895,54.805,55.007,54.79
54.785,54.765,54.91,54.66
54.785,54.785,54.915,54.655
54.805,54.765,54.84,54.55
54.835,54.913000000000004,55.035,54.715
54.81,54.25,54.9,54.25
54.365,54.165,54.365,54.032
54.085,54.14,54.22,54.02
54.065,54.18,54.37,54.035
54.135,53.815,54.255,53.785
53.81,53.83,54.07,53.77
53.835,53.745,53.965,53.675
53.665,53.815,53.815,53.645
53.685,54.235,54.255,53.655
54.195,54.413000000000004,54.413000000000004,54.173
54.38,54.225,54.445,54.082
54.105,54.285,54.285,54.105
54.26,54.38,54.38,54.162
54.31,54.14,54.43,54.09
54.21,53.93,54.25,53.93
53.94,53.96,54.043,53.85
54.03,54.22,54.258,53.91
54.18,54.16,54.25,53.77
53.97,54.64,54.64,53.97
54.55,54.608000000000004,54.805,54.38
54.52,54.31,54.665,54.31
54.305,54.52,54.52,54.255
54.42,54.59,54.59,54.4
54.48,54.57,54.665,54.41
54.61,54.798,54.85,54.49
54.81,54.815,54.918,54.685
54.89,54.44,54.95,54.35
54.53,54.378,54.54,54.31
54.43,54.3,54.46,54.25
54.17,54.27,54.27,54.17
54.285,54.285,54.285,54.285
54.285,54.385,54.475,54.27
54.43,54.37,54.49,54.28
54.48,54.17,54.52,54.16
54.3,54.36,54.36,54.06
54.35,54.29,54.435,54.256
54.45,54.35,54.46,54.195
54.33,54.375,54.57,54.265
54.5,54.07,54.53,53.9
54.08,54.01,54.35,54.01
54.03,54.355,54.355,53.98
54.185,54.405,54.525,54.165
54.37,54.16,54.45,54.02
54.15,54.415,54.428000000000004,54.075
54.34,54.33,54.531000000000006,54.172
54.35,54.56,54.573,54.275
54.46,54.725,54.91,54.43
54.81,54.92,54.92,54.62
54.955,54.865,54.955,54.615
54.96,54.89,55.14,54.8
54.905,54.365,54.945,54.305
54.37,53.865,54.52,53.605
53.865,54.04,54.095,53.62
54.1,53.88,54.28,53.815
54.0,54.275,54.305,53.84
54.28,54.415,54.555,54.16
54.475,54.08,54.615,54.08
54.075,54.185,54.24,54.02
54.13,54.195,54.328,54.13
54.265,54.215,54.455,54.155
54.325,53.93,54.355,53.805
53.995,53.848,54.035,53.665
53.825,53.855,53.92,53.69
53.795,53.86,54.1,53.745
53.965,53.515,53.985,53.515
53.595,53.235,53.685,53.165
53.225,53.065,53.33,53.045
53.16,53.14,53.265,52.885
53.035,53.215,53.415,53.005
53.29,53.155,53.345,52.915
53.17,53.225,53.415,53.165
53.275,53.32,53.39,53.075
53.245,53.775,53.775,53.195
53.655,54.035,54.035,53.555
54.055,53.665,54.055,53.665
53.8,53.695,53.88,53.645
53.71,53.74,53.9,53.6
53.675,53.815,53.885,53.558
53.725,53.76,53.89,53.38
53.775,53.715,53.96,53.595
53.745,54.285,54.285,53.715
54.355,54.695,54.78,54.195
54.665,54.625,54.9,54.475
54.605,54.505,54.707,54.315
54.525,54.77,54.835,54.42
54.875,54.57,54.885,54.36
54.425,54.76,54.855,54.425
54.81,55.0,55.095,54.725
54.965,55.165,55.395,54.935
55.225,55.04,55.345,54.825
54.94,54.46,55.185,54.36
54.505,54.355,54.615,54.175
54.24,54.688,54.688,54.24
54.685,54.995,54.995,54.665
54.995,54.805,55.005,54.625
54.76,54.943999999999996,54.98,54.755
54.935,54.805,55.02,54.695
54.845,54.995,55.115,54.815
55.015,55.015,55.015,55.015
54.955,55.035,55.215,54.955
55.065,54.835,55.285,54.685
54.875,54.565,54.935,54.485
54.685,54.945,54.945,54.515
54.935,54.815,55.065,54.635
54.855,54.375,54.895,54.285
54.445,54.545,54.695,54.275
54.515,54.335,54.535,54.115
54.145,54.215,54.345,54.14
54.265,54.495,54.495,54.255
54.355,54.315,54.575,54.245
54.345,54.255,54.565,54.115
54.235,54.555,54.585,54.03
54.435,54.69,54.69,54.425
54.745,54.735,54.975,54.61
54.775,54.355,54.785,54.25
54.265,54.845,54.845,54.23
54.72,55.64,55.64,54.71
55.71,55.545,55.72,55.545
55.455,55.545,55.782,55.355
55.643,55.465,55.895,55.435
55.45,55.22,55.61,55.2
55.125,55.085,55.29,55.005
55.115,55.105,55.375,55.022
55.105,55.065,55.145,54.785
54.975,55.155,55.175,54.91
55.165,54.705,55.195,54.625
54.655,55.005,55.09,54.655
55.025,54.895,55.025,54.805
55.015,54.975,55.045,54.835
54.885,54.585,55.125,54.585
54.595,54.315,54.79,54.23
54.365,54.205,54.677,54.115
54.205,54.355,54.358000000000004,53.965
54.425,54.505,54.798,54.355
54.595,53.875,54.685,53.755
53.815,53.685,53.875,53.602
53.66,53.81,53.94,53.66
53.805,53.965,54.208999999999996,53.775
53.965,54.085,54.195,53.805
54.085,53.855,54.09,53.757
53.555,53.555,53.585,53.455
53.555,53.735,53.83,53.475
53.74,53.73,53.74,53.61
53.725,53.475,53.845,53.34
53.56,53.83,53.9,53.445
53.845,53.415,53.995,53.305
53.595,52.845,53.595,52.745
52.865,52.845,53.005,52.685
52.825,53.03,53.03,52.79
52.985,52.92,53.165,52.915
52.81,52.675,52.925,52.505
52.665,53.055,53.18,52.595
53.025,52.685,53.195,52.585
52.695,52.655,52.85,52.235
52.545,51.885,52.655,51.745
51.915,51.745,52.045,51.365
51.745,52.15,52.225,51.665
52.24,52.44,52.58,52.125
52.43,52.4,52.445,52.32
52.38,52.83,53.01,52.31
52.855,53.015,53.015,52.505
52.93,53.6,53.6,52.9
53.585,53.365,53.635,53.365
53.365,53.465,53.625,53.25
53.44,53.405,53.55,53.06
53.365,54.295,54.295,53.33
54.265,54.295,54.42,54.205
54.025,54.025,54.025,54.025
53.905,54.015,54.38,53.905
53.885,53.765,54.165,53.655
54.305,55.425,55.425,54.295
55.345,55.215,55.485,55.181000000000004
55.215,55.345,55.385,55.08
55.255,55.445,55.545,55.255
55.445,55.305,55.48,55.255
55.365,55.665,55.665,55.275
55.665,55.91,56.03,55.625
55.91,55.655,55.995,55.655
55.615,55.535,55.705,55.365
55.535,55.528,55.595,55.405
55.525,55.635,55.78,55.52
55.635,55.63,55.755,55.575
55.705,55.67,55.781000000000006,55.574
55.665,55.695,55.895,55.623000000000005
55.695,55.42,55.725,55.345
55.505,55.265,55.555,55.183
55.265,55.49,55.49,55.12
55.5,55.365,55.555,55.315
55.31,55.67,55.67,55.31
55.505,55.655,55.675,55.505
55.735,55.625,55.785,55.61
55.625,55.655,56.04,55.625
55.53,55.66,55.66,55.53
55.61,55.35,55.785,55.35
55.345,55.341,55.48,55.188
55.285,55.275,55.475,55.145
55.18,55.43,55.43,55.055
55.285,55.07,55.425,54.96
55.07,55.525,55.525,55.065
55.525,55.485,55.655,55.233999999999995
55.755,55.845,56.2,55.725
55.845,55.475,55.9,55.475
55.475,55.655,55.755,55.425
55.56,55.595,55.865,55.41
55.44,55.25,55.62,55.14
55.255,55.535,55.635,55.245
55.5,56.17,56.17,55.41
56.025,56.125,56.445,56.025
56.18,55.975,56.23,55.905
55.93,55.31,55.985,55.23
55.325,55.125,55.335,55.045
55.175,55.265,55.455,55.115
55.32,55.11,55.555,54.96
55.04,55.03,55.22,54.81
55.055,54.905,55.375,54.766999999999996
55.145,55.935,55.935,55.105
55.84,55.63,55.96,55.45
55.53,55.4,55.735,55.255
55.395,55.825,55.945,55.335
55.85,55.933,56.08,55.818000000000005
55.41,54.95,55.65,54.95
54.965,54.495,55.235,54.435
54.545,54.375,54.865,54.185
54.22,55.44,55.45,54.22
55.39,55.49,55.92,55.39
55.51,56.81,56.81,55.51
56.825,56.985,57.115,56.765
56.89,57.01,57.25,56.83
56.965,57.015,57.205,56.835
56.965,56.725,57.135,56.38
57.125,56.305,57.33,56.205
56.26,56.16,56.565,56.11
56.15,55.96,56.25,55.79
55.885,55.92,56.135,55.795
55.83,55.33,56.035,55.27
55.395,55.805,55.805,55.35
55.71,55.685,55.89,55.62
55.57,55.805,55.93,55.52
55.805,55.74,56.075,55.655
55.7,55.13,55.825,55.02
55.425,54.945,55.66,54.945
54.965,55.37,55.37,54.835
55.27,55.645,55.645,55.27
55.55,55.655,55.92,55.28
55.655,55.505,55.68,55.251999999999995
55.545,56.085,56.29,55.45
56.04,56.235,56.53,55.74
56.14,55.675,56.25,55.675
55.62,55.19,55.89,55.11
55.19,55.295,55.37,55.015
55.375,55.655,56.09,55.24
55.56,56.0,56.391999999999996,55.56
55.96,55.395,56.225,55.26
55.345,55.035,55.47,54.725
54.98,54.46,55.06,54.44
54.425,54.475,54.915,54.325
54.36,54.5,54.59,54.21
54.345,53.795,54.52,53.735
53.795,53.965,54.12,53.585
53.925,53.665,53.975,53.535
53.635,53.225,53.695,53.155
53.26,53.83,53.92,52.955
53.755,53.125,53.885,53.105
53.125,52.91,53.32,52.675
52.845,53.425,53.775,52.825
53.475,53.415,53.925,53.325
53.335,52.965,53.475,52.845
52.985,52.6,53.035,52.495
52.505,52.735,52.735,52.505
52.665,52.525,52.755,52.405
52.545,52.355,52.73,52.265
52.41,52.55,52.66,52.365
52.46,52.685,52.755,52.45
52.59,52.51,52.875,52.33
52.385,52.09,52.585,51.945
52.075,52.145,52.205,51.955
52.085,51.805,52.18,51.625
51.73,51.48,51.84,51.345
51.395,51.685,51.685,51.395
51.615,51.54,51.735,51.345
51.55,51.21,51.58,51.17
51.235,51.435,51.61,51.225
51.465,51.49,51.655,51.275
51.485,51.155,51.495,51.055
51.195,51.155,51.413000000000004,51.035
51.115,51.115,51.155,51.005
51.04,51.12,51.17,50.97
51.05,50.82,51.24,50.81
50.56,50.88,50.88,50.519
50.8,50.85,50.93,50.79
50.875,51.405,51.405,50.805
51.345,50.79,51.425,50.745
50.78,50.685,51.025,50.595
50.67,51.032,51.16,50.57
51.03,51.18,51.495,51.03
51.175,51.175,51.245,51.075
51.295,50.675,51.305,50.525
50.635,50.405,50.695,50.315
50.535,50.245,50.535,50.165
50.175,50.185,50.275,50.082
50.14,50.39,50.445,50.12
50.295,49.925,50.505,49.925
49.93,49.93,50.03,49.8
49.855,49.985,50.03,49.805
49.975,49.73,50.045,49.73
49.76,50.05,50.085,49.76
50.08,50.29,50.305,50.08
50.28,50.37,50.762,50.24
50.365,49.84,50.39,49.665
49.83,49.522,49.96,49.48
49.525,49.185,49.605,49.165
49.23,49.015,49.265,49.015
49.11,49.08,49.11,48.83
48.97,49.23,49.239,48.96
49.17,49.01,49.31,48.9
49.015,49.205,49.205,48.94
49.1,49.23,49.33,49.1
49.17,49.315,49.315,49.13
49.225,49.22,49.335,49.065
49.155,49.335,49.335,49.115
49.325,49.3,49.365,49.145
49.29,49.295,49.44,49.29
49.385,49.375,49.415,49.195
49.49,49.2,49.49,49.1
49.15,49.36,49.55,49.13
49.36,49.5,49.77,49.35
49.445,49.155,49.525,49.055
49.075,49.215,49.265,48.965
49.125,49.07,49.255,48.83
49.06,48.605,49.145,48.605
48.61,49.03,49.2,48.61
49.035,49.135,49.27,48.96
49.14,49.51,49.675,49.08
49.515,49.615,49.755,49.335
49.6,49.36,49.815,49.242
49.395,49.425,49.825,49.305
49.43,50.0,50.0,49.43
50.01,50.01,50.255,49.87
50.005,49.965,50.185,49.915
49.97,50.42,50.42,49.97
50.23,50.3,50.49,50.14
50.15,50.31,50.465,50.08
50.31,50.78,50.875,50.31
50.8,51.34,51.34,50.64
51.365,51.437,51.8,51.365
51.44,51.49,51.595,51.31
51.52,51.87,51.935,51.52
51.785,51.647,51.915,51.53
51.6,52.402,52.51,51.6
52.4,52.681999999999995,52.885,52.4
52.68,52.872,52.99,52.68
52.87,53.02,53.06,52.615
52.86,53.1,53.21,52.86
53.1,53.195,53.3,53.1
53.305,53.26,53.345,53.115
53.015,53.005,53.365,52.905
53.005,52.885,53.495,52.885
52.89,53.03,53.445,52.86
52.92,52.815,53.13,52.76
52.72,52.78,52.94,52.67
52.79,52.74,52.98,52.64
52.565,52.505,52.865,52.425
52.4,52.88,52.88,52.4
52.77,52.79,53.1,52.65
52.7,52.48,53.25,52.42
52.5,53.65,53.65,52.21
53.52,53.71,54.33,53.52
53.61,53.23,53.89,53.15
53.1,52.59,53.525,52.56
52.605,52.175,52.855,52.125
51.875,51.755,52.355,51.665
51.71,51.725,51.915,51.54
51.63,51.22,51.728,51.21
51.24,51.417,51.417,51.24
51.26,51.07,51.472,50.95
51.11,51.47,51.605,51.11
51.37,52.1,52.21,51.37
52.13,52.03,52.435,51.84
51.91,51.965,52.13,51.86
51.96,52.13,52.145,51.87
52.14,52.075,52.46,51.96
52.07,52.365,52.365,52.025
52.24,52.45,52.515,51.82
52.49,52.17,52.735,52.02
52.065,51.175,52.215,51.095
51.235,50.885,51.405,50.735
50.955,50.745,50.955,50.595
50.75,50.67,50.97,50.57
50.63,50.295,50.745,50.18
50.405,49.965,50.43,49.865
50.005,50.37,50.37,49.975
49.985,50.18,50.18,49.985
50.06,49.35,50.19,49.22
49.31,49.13,49.52,49.13
48.95,49.11,49.11,48.94
49.0,49.05,49.29,48.98
49.145,49.175,49.562,48.975
49.185,49.205,49.43,49.105
49.275,48.595,49.385,48.595
48.695,48.755,48.91,48.535
48.62,48.93,48.94,48.62
49.005,49.425,49.505,49.005
49.505,49.405,49.505,49.345
49.505,49.745,49.77,49.385
49.825,49.805,50.015,49.725
49.85,49.72,50.33,49.65
49.806999999999995,49.086999999999996,49.898,49.028
49.16,49.215,49.25,49.095
49.295,48.885,49.395,48.845
48.955,48.935,49.035,48.685
49.02,49.06,49.225,48.9
49.125,48.965,49.235,48.805
48.955,49.235,49.48,48.895
49.34,48.885,49.4,48.755
48.975,49.015,49.145,48.815
49.04,49.11,49.23,48.9
49.15,49.25,49.26,49.14
49.345,49.305,49.522,49.12
49.405,49.065,49.475,49.065
49.155,48.965,49.575,48.915
49.02,49.04,49.23,48.84
48.975,48.995,49.165,48.855
49.095,48.975,49.22,48.655
48.915,49.365,49.365,48.795
49.45,49.345,49.78,49.245
49.35,49.65,49.895,49.045
49.575,48.255,49.585,48.175
48.33,47.97,48.4,47.84
48.055,47.685,48.248000000000005,47.645
47.81,47.33,47.845,47.25
47.33,47.47,47.525,47.17
47.57,47.55,47.927,47.45
47.645,47.485,48.005,47.365
47.595,47.135,47.66,46.965
47.225,46.445,47.235,46.345
46.49,46.105,46.67,46.06
46.19,46.055,46.275,45.945
46.165,46.005,46.19,45.905
46.115,45.895,46.155,45.815
45.992,45.755,46.025,45.655
45.785,45.655,45.995,45.655
45.67,45.75,45.76,45.67
45.8,45.99,45.99,45.8
46.09,45.955,46.145,45.9
46.055,46.055,46.075,45.77
46.16,45.96,46.19,45.88
46.045,45.895,46.22,45.805
45.995,45.535,46.045,45.495
45.625,45.665,45.758,45.525
45.57,45.755,46.095,45.57
45.67,45.65,45.755,45.59
45.745,45.305,45.751999999999995,45.235
45.41,45.255,45.46,45.135
45.385,45.245,45.39,45.105
45.345,45.295,45.346000000000004,45.185
45.4,45.32,45.46,45.19
45.415,45.175,45.455,45.165
45.255,45.105,45.355,44.95
45.21,44.905,45.395,44.905
44.97,44.645,45.065,44.575
44.72,44.46,44.855,44.43
44.545,44.245,44.58,44.165
44.315,44.185,44.41,44.155
44.24,44.01,44.34,43.97
44.07,44.105,44.108000000000004,43.995
44.21,44.02,44.25,43.96
44.08,44.025,44.177,43.985
44.085,44.125,44.175,43.855
44.18,44.345,44.345,44.085
44.4,44.275,44.442,44.245
44.35,44.36,44.417,44.27
44.405,44.405,44.532,44.335
44.45,44.425,44.505,44.365
44.495,44.51,44.605,44.44
44.57,44.44,44.67,44.39
44.515,44.455,44.59,44.405
44.505,44.44,44.57,44.43
44.525,44.585,44.63,44.515
44.705,44.45,44.77,44.4
44.485,44.345,44.498000000000005,44.295
44.38,44.25,44.42,44.2
44.28,44.42,44.461999999999996,44.28
44.48,44.402,44.505,44.335
44.43,44.431999999999995,44.545,44.35
44.43,44.55,44.55,44.34
44.63,44.66,44.665,44.5
44.7,44.79,44.79,44.55
44.865,44.96,45.05,44.75
45.04,44.96,45.075,44.85
45.035,44.91,45.15,44.82
44.995,44.845,45.025,44.785
44.955,44.81,45.01,44.66
44.895,44.76,44.915,44.64
44.845,44.91,44.975,44.78
45.0,44.74,45.065,44.63
44.8,44.85,44.975,44.76
44.905,44.67,44.97,44.62
44.77,44.66,44.84,44.55
44.746,44.788999999999994,44.864,44.619
44.865,44.69,44.92,44.61
44.73,44.67,44.773,44.55
44.735,44.655,44.77,44.545
44.705,44.635,44.755,44.525
44.675,44.685,44.83,44.575
44.755,44.745,44.825,44.645
44.83,44.77,44.93,44.7
44.825,44.805,44.985,44.805
44.845,45.005,45.005,44.775
45.06,45.045,45.093,44.925
45.085,45.105,45.143,44.997
45.18,45.23,45.27,45.14
45.305,45.245,45.335,45.185
45.325,45.155,45.433,45.095
45.215,45.165,45.265,45.105
45.23,44.905,45.325,44.895
44.95,44.93,45.025,44.85
44.975,45.025,45.045,44.895
45.065,45.045,45.105,44.905
45.12,45.08,45.14,44.99
45.155,44.825,45.18,44.745
44.865,44.895,45.055,44.765
44.988,44.575,45.005,44.535
44.6,44.71,44.727,44.6
44.745,44.645,44.805,44.545
44.69,44.68,44.73,44.59
44.73,44.73,44.91,44.62
44.765,44.355,44.77,44.335
44.36,44.43,44.626999999999995,44.36
44.48,44.27,44.535,44.22
44.28,44.22,44.38,44.15
44.255,44.317,44.485,44.195
44.31,44.32,44.46,44.23
44.335,44.435,44.501999999999995,44.335
44.49,44.39,44.638000000000005,44.29
44.455,44.196999999999996,44.55,44.145
44.19,44.31,44.31,44.19
44.38,44.21,44.45,44.12
44.275,44.355,44.455,44.265
44.385,44.415,44.71,44.277
44.525,44.235,44.535,44.175
44.275,44.425,44.6,44.275
44.505,44.425,44.505,44.272
44.525,44.575,44.602,44.415
44.205,44.275,44.275,44.18
44.38,44.04,44.412,43.902
44.08,44.17,44.17,44.0
44.205,44.05,44.28,43.986999999999995
44.075,44.295,44.3,44.065
44.325,44.365,44.493,44.255
44.395,44.415,44.435,44.272
44.395,44.505,44.545,44.395
44.535,44.635,44.74,44.515
44.63,44.7,44.81,44.62
44.69,44.75,44.83,44.66
44.8,44.66,44.918,44.6
44.705,44.635,44.727,44.525
44.675,44.775,44.915,44.675
44.79,44.86,45.035,44.76
44.875,44.965,45.04,44.875
44.995,44.945,45.11,44.925
45.015,45.115,45.155,45.005
45.16,45.09,45.295,45.05
45.115,45.145,45.285,44.995
45.175,45.035,45.376999999999995,44.955
45.07,45.16,45.215,44.96
45.075,45.085,45.3,45.035
45.125,45.015,45.2,44.875
44.905,45.1,45.1,44.905
45.035,45.05,45.125,44.875
44.995,44.875,45.2,44.835
44.91,44.88,45.052,44.82
44.875,44.965,45.1,44.825
44.825,44.955,44.955,44.815
44.855,45.285,45.285,44.845
45.265,45.225,45.315,45.18
45.275,45.495,45.495,45.275
45.43,45.145,45.513000000000005,44.96
45.08,45.28,45.31,45.03
45.175,45.0,45.355,44.875
44.945,45.075,45.205,44.925
45.115,45.35,45.35,45.135
45.265,45.535,45.535,45.265
45.405,45.535,45.535,45.345
45.505,45.415,45.555,45.375
45.43,45.49,45.61,45.43
45.615,45.74,45.795,45.535
45.655,45.49,45.765,45.295
45.52,45.31,45.53,45.08
45.235,45.315,45.43,45.165
45.325,45.515,45.665,45.315
45.575,45.565,45.695,45.445
45.565,45.635,45.695,45.445
45.57,45.43,45.705,45.37
45.45,45.92,45.95,45.42
45.825,45.825,46.035,45.745
45.92,45.59,45.92,45.42
45.51,45.51,45.69,45.41
45.475,45.735,45.735,45.475
45.71,45.47,45.82,45.43
45.47,45.56,45.71,45.47
45.63,45.56,45.79,45.46
45.685,45.465,45.845,45.235
45.33,45.41,45.55,45.26
45.445,45.53,45.58,45.315
45.465,45.305,45.665,45.195
45.365,45.095,45.465,44.985
45.135,45.145,45.285,44.905
45.02,45.1,45.225,45.02
45.155,45.47,45.47,45.075
45.35,45.29,45.57,45.235
45.355,45.255,45.535,45.135
45.355,45.347,45.45,45.115
45.325,45.005,45.465,44.905
44.92,44.61,45.11,44.53
44.625,44.635,44.805,44.575
44.713,44.963,44.963,44.662
44.83,45.06,45.06,44.82
44.95,45.1,45.165,44.95
44.975,45.265,45.265,44.975
45.13,44.99,45.3,44.92
45.03,45.18,45.26,44.99
45.075,45.1,45.185,44.915
45.03,45.245,45.28,44.97
45.21,45.49,45.49,45.14
45.355,45.155,45.675,45.135
45.175,45.465,45.465,45.175
45.455,45.41,45.625,45.225
45.358000000000004,44.953,45.578,44.836999999999996
44.93,45.145,45.145,44.87
45.192,44.933,45.278,44.853
44.98,45.23,45.37,44.97
45.15,45.077,45.335,44.91
45.02,44.83,45.22,44.71
44.83,44.78,44.88,44.59
44.825,44.835,45.055,44.745
44.915,45.125,45.225,44.905
45.15,45.39,45.405,45.07
45.295,45.905,45.905,45.275
45.8,45.95,46.13,45.75
45.825,45.775,46.02,45.68
45.825,45.54,45.91,45.35
45.565,45.705,45.766999999999996,45.47
45.715,45.575,45.905,45.42
45.565,45.43,45.76,45.325
45.465,45.215,45.505,45.035
45.275,45.265,45.415,45.105
45.26,45.02,45.59,44.97
45.115,45.335,45.335,45.035
45.32,45.2,45.55,44.99
45.21,44.72,45.26,44.58
44.785,44.505,44.885,44.195
44.525,44.325,44.525,44.145
44.3,44.33,44.465,44.2
44.35,44.39,44.48,44.21
44.35,43.89,44.47,43.83
43.925,43.975,43.975,43.865
44.0,44.22,44.355,44.0
44.355,44.315,44.427,44.135
44.37,44.355,44.485,44.265
44.47,44.275,44.485,44.205
44.325,44.325,44.585,44.245
44.39,44.42,44.58,44.23
44.45,44.395,44.635,44.315
44.44,44.305,44.555,44.185
